coords,dotted,main,meta,place,sub
"(['50.05850000'], ['19.95030000'])","[' telewizja kablowa ', '  internet ', '  telefon ', ' balkon ', '  winda ']","[' cena   1 500 000 zł   15 000 zł/m² ', ' powierzchnia   100 m²   ', ' liczba pokoi   4   ', ' piętro   1  (z 5)  ']", Nr oferty w Otodom: 47678404 Nr oferty w biurze nieruchomości: ABN-MS-21548 Liczba wyświetleń strony: 705 Data dodania: 24.03.2017 Data aktualizacji: 29.03.2017 ,"['Kraków, Grzegórzki,  Daszyńskiego']","['  rynek:  wtórny ', '  rodzaj zabudowy:  apartamentowiec ', '  materiał budynku:  pustak ', '  okna:  plastikowe ', '  ogrzewanie:  miejskie ', '  rok budowy:  2012  ', '  czynsz:  700 zł ', '  forma własności:  pełna własność ']"
"(['50.01897850'], ['19.98809500'])","[' balkon ', '  garaż/miejsce parkingowe ', '  winda ', '  pom. użytkowe ']","[' cena   260 000 zł   5 663,25 zł/m² ', ' powierzchnia   45,91 m²   ', ' liczba pokoi   2   ', ' piętro   7  (z 9)  ']", Nr oferty w Otodom: 47494634 Nr oferty w biurze nieruchomości: 835/4879/OMS Liczba wyświetleń strony: 644 Data dodania: ponad 14 dni temu Data aktualizacji: 28.03.2017 ,"['Kraków, Bieżanów-Prokocim, Polonijna']","['  rynek:  pierwotny ', '  rodzaj zabudowy:  blok ', '  materiał budynku:  cegła ', '  okna:  plastikowe ', '  ogrzewanie:  miejskie ', '  rok budowy:  2017  ', '  stan wykończenia:  do wykończenia ']"
"(['50.04513130'], ['19.95485440'])",[],"[' cena   215 000 zł   10 238,10 zł/m² ', ' powierzchnia   21 m²   ', ' liczba pokoi   1   ', ' piętro   parter  (z 2)  ']", Nr oferty w Otodom: 47629686 Nr oferty w biurze nieruchomości: 855/4879/OMS Liczba wyświetleń strony: 1798 Data dodania: 21.03.2017 Data aktualizacji: 23.03.2017 ,"['Kraków, Podgórze, Józefińska']","['  rynek:  wtórny ', '  rodzaj zabudowy:  kamienica ', '  materiał budynku:  cegła ', '  okna:  plastikowe ', '  ogrzewanie:  miejskie ', '  rok budowy:  2012  ', '  stan wykończenia:  do zamieszkania ', '  forma własności:  pełna własność ']"
"(['50.08469590'], ['19.93358280'])","[' telewizja kablowa ', '  internet ', '  telefon ', ' monitoring / ochrona ', ' meble ', ' balkon ', '  garaż/miejsce parkingowe ', '  winda ', '  pom. użytkowe ']","[' cena   1 100 000 zł   11 340,21 zł/m² ', ' powierzchnia   97 m²   ', ' liczba pokoi   3   ', ' piętro   6  (z 7)  ']", Nr oferty w Otodom: 47285414 Nr oferty w biurze nieruchomości: 14196/2089/OMS Liczba wyświetleń strony: 1161 Data dodania: ponad 14 dni temu Data aktualizacji: 28.03.2017 ,"['Kraków, Krowodrza, Kluczborska']","['  rynek:  wtórny ', '  rodzaj zabudowy:  apartamentowiec ', '  okna:  drewniane ', '  ogrzewanie:  miejskie ', '  rok budowy:  2007  ', '  stan wykończenia:  do zamieszkania ', '  czynsz:  460 zł ', '  forma własności:  pełna własność ']"
"(['50.10422430'], ['20.01205950'])","[' telewizja kablowa ', '  internet ', '  telefon ', ' system alarmowy ', '  drzwi / okna antywłamaniowe ', '  teren zamknięty ', '  domofon / wideofon ', ' garaż/miejsce parkingowe ']","[' cena   309 000 zł   3 911,39 zł/m² ', ' powierzchnia   79 m²   ', ' liczba pokoi   3   ', ' piętro   1  (z 2)  ']", Nr oferty w Otodom: 44493024 Liczba wyświetleń strony: 17084 Data dodania: ponad 14 dni temu Data aktualizacji: 29.03.2017 ,"['Kraków, Mistrzejowice']","['  rynek:  pierwotny ', '  rodzaj zabudowy:  apartamentowiec ', '  materiał budynku:  pustak ', '  okna:  plastikowe ', '  ogrzewanie:  gazowe ', '  rok budowy:  2016  ', '  stan wykończenia:  do wykończenia ', '  forma własności:  pełna własność ', '  dostępne od:  18 Czerwca 2016 ']"
"(['50.09131950'], ['19.98891360'])","[' telewizja kablowa ', '  internet ', '  telefon ', ' balkon ', '  piwnica ', '  garaż/miejsce parkingowe ', '  winda ']","[' cena   280 014 zł   5 850,69 zł/m² ', ' powierzchnia   47,86 m²   ', ' liczba pokoi   2   ', ' piętro   3  (z 5)  ']", Nr oferty w Otodom: 47220492 Nr oferty w biurze nieruchomości: ATM-MS-408 Liczba wyświetleń strony: 271 Data dodania: ponad 14 dni temu Data aktualizacji: 20.03.2017 ,"['Kraków, Prądnik Czerwony']","['  rynek:  pierwotny ', '  rodzaj zabudowy:  blok ', '  okna:  plastikowe ', '  ogrzewanie:  miejskie ', '  rok budowy:  2017  ', '  forma własności:  pełna własność ']"
"(['50.07609730'], ['19.92840430'])","[' telewizja kablowa ', '  internet ', '  telefon ', ' balkon ', '  garaż/miejsce parkingowe ', '  winda ']","[' cena   671 000 zł   8 246,28 zł/m² ', ' powierzchnia   81,37 m²   ', ' liczba pokoi   4   ', ' piętro   2  (z 5)  ']", Nr oferty w Otodom: 46209984 Nr oferty w biurze nieruchomości: ATM-MS-350 Liczba wyświetleń strony: 410 Data dodania: ponad 14 dni temu Data aktualizacji: 22.03.2017 ,"['Kraków, Krowodrza']","['  rynek:  pierwotny ', '  rodzaj zabudowy:  blok ', '  materiał budynku:  cegła ', '  okna:  drewniane ', '  ogrzewanie:  miejskie ', '  rok budowy:  2017  ', '  forma własności:  pełna własność ']"
"(['50.07652960'], ['19.92628920'])","[' telewizja kablowa ', '  internet ', '  telefon ', ' balkon ', '  piwnica ', '  garaż/miejsce parkingowe ', '  winda ']","[' cena   355 000 zł   6 826,92 zł/m² ', ' powierzchnia   52 m²   ', ' liczba pokoi   3   ', ' piętro   4  (z 8)  ']", Nr oferty w Otodom: 47739812 Nr oferty w biurze nieruchomości: ECH-MS-10192 Liczba wyświetleń strony: 18 Data dodania: 29.03.2017 Data aktualizacji: 29.03.2017 ,"['Kraków, Łobzów, Wrocławska']","['  rynek:  wtórny ', '  rodzaj zabudowy:  blok ', '  okna:  plastikowe ', '  ogrzewanie:  miejskie ', '  rok budowy:  1965  ', '  czynsz:  350 zł ', '  forma własności:  pełna własność ']"
"(['50.07243510'], ['19.91823880'])","[' telewizja kablowa ', '  internet ', '  telefon ', ' balkon ', '  garaż/miejsce parkingowe ']","[' cena   615 000 zł   8 913,04 zł/m² ', ' powierzchnia   69 m²   ', ' liczba pokoi   3   ', ' piętro   2  (z 4)  ']", Nr oferty w Otodom: 47739806 Nr oferty w biurze nieruchomości: ECH-MS-10196 Liczba wyświetleń strony: 12 Data dodania: 29.03.2017 Data aktualizacji: 29.03.2017 ,"['Kraków, Łobzów, Królewska']","['  rynek:  wtórny ', '  rodzaj zabudowy:  blok ', '  materiał budynku:  cegła ', '  okna:  plastikowe ', '  ogrzewanie:  miejskie ', '  rok budowy:  1970  ', '  czynsz:  400 zł ', '  forma własności:  pełna własność ']"
"(['50.07243510'], ['19.91823880'])","[' telewizja kablowa ', '  internet ', '  telefon ', ' balkon ', '  piwnica ', '  garaż/miejsce parkingowe ', '  winda ']","[' cena   355 000 zł   8 255,81 zł/m² ', ' powierzchnia   43 m²   ', ' liczba pokoi   2   ', ' piętro   4  (z 5)  ']", Nr oferty w Otodom: 47739802 Nr oferty w biurze nieruchomości: ECH-MS-10195 Liczba wyświetleń strony: 10 Data dodania: 29.03.2017 Data aktualizacji: 29.03.2017 ,"['Kraków, Łobzów, Królewska']","['  rynek:  wtórny ', '  rodzaj zabudowy:  blok ', '  okna:  drewniane ', '  ogrzewanie:  miejskie ', '  rok budowy:  1972  ', '  stan wykończenia:  do remontu ', '  czynsz:  700 zł ', '  forma własności:  spółdzielcze własnościowe ']"
"(['50.07707220'], ['20.03912790'])","[' telewizja kablowa ', '  internet ', '  telefon ', ' piwnica ', '  garaż/miejsce parkingowe ']","[' cena   250 000 zł   5 000 zł/m² ', ' powierzchnia   50 m²   ', ' liczba pokoi   2   ', ' piętro   4  (z 5)  ']", Nr oferty w Otodom: 47739798 Nr oferty w biurze nieruchomości: ECH-MS-10194 Liczba wyświetleń strony: 11 Data dodania: 29.03.2017 Data aktualizacji: 29.03.2017 ,"['Kraków, Nowa Huta, Osiedle Urocze']","['  rynek:  wtórny ', '  rodzaj zabudowy:  kamienica ', '  materiał budynku:  cegła ', '  okna:  plastikowe ', '  ogrzewanie:  miejskie ', '  rok budowy:  1956  ', '  czynsz:  450 zł ', '  forma własności:  pełna własność ']"
"(['50.05645280'], ['19.90538830'])","[' telewizja kablowa ', '  internet ', '  telefon ', ' balkon ', '  garaż/miejsce parkingowe ', '  taras ']","[' cena   480 000 zł   8 275,86 zł/m² ', ' powierzchnia   58 m²   ', ' liczba pokoi   2   ', ' piętro   parter  (z 3)  ']", Nr oferty w Otodom: 47739794 Nr oferty w biurze nieruchomości: ECH-MS-10193 Liczba wyświetleń strony: 13 Data dodania: 29.03.2017 Data aktualizacji: 29.03.2017 ,"['Kraków, Salwator, Emaus']","['  rynek:  wtórny ', '  materiał budynku:  cegła ', '  okna:  drewniane ', '  rok budowy:  2004  ', '  czynsz:  500 zł ', '  forma własności:  pełna własność ']"
"(['50.02602540'], ['19.90459770'])","[' telewizja kablowa ', '  internet ', '  telefon ', ' balkon ', '  garaż/miejsce parkingowe ', '  winda ']","[' cena   300 000 zł   6 048,39 zł/m² ', ' powierzchnia   49,60 m²   ', ' liczba pokoi   3   ', ' piętro   1  (z 3)  ']", Nr oferty w Otodom: 47739790 Nr oferty w biurze nieruchomości: ECH-MS-10209 Liczba wyświetleń strony: 17 Data dodania: 29.03.2017 Data aktualizacji: 29.03.2017 ,"['Kraków, Ruczaj, Raciborska']","['  rynek:  wtórny ', '  materiał budynku:  pustak ', '  okna:  plastikowe ', '  ogrzewanie:  gazowe ', '  rok budowy:  2017  ', '  czynsz:  1 zł ', '  forma własności:  pełna własność ']"
"(['50.09707360'], ['19.91469440'])","[' telewizja kablowa ', '  internet ', '  telefon ', ' balkon ', '  garaż/miejsce parkingowe ', '  taras ']","[' cena   775 000 zł   8 157,89 zł/m² ', ' powierzchnia   95 m²   ', ' liczba pokoi   3   ', ' piętro   1  (z 2)  ']", Nr oferty w Otodom: 47739772 Nr oferty w biurze nieruchomości: ECH-MS-10204 Liczba wyświetleń strony: 8 Data dodania: 29.03.2017 Data aktualizacji: 29.03.2017 ,"['Zielonki, małopolskie, Wiarusa']","['  rynek:  wtórny ', '  okna:  drewniane ', '  rok budowy:  2007  ', '  czynsz:  800 zł ', '  forma własności:  pełna własność ']"
"(['50.01531370'], ['19.97173090'])","[' telewizja kablowa ', '  internet ', '  telefon ', ' balkon ', '  garaż/miejsce parkingowe ', '  winda ']","[' cena   280 000 zł   8 235,29 zł/m² ', ' powierzchnia   34 m²   ', ' liczba pokoi   2   ', ' piętro   5  (z 5)  ']", Nr oferty w Otodom: 47739768 Nr oferty w biurze nieruchomości: ECH-MS-10203 Liczba wyświetleń strony: 9 Data dodania: 29.03.2017 Data aktualizacji: 29.03.2017 ,"['Kraków, Wola Duchacka, Włoska']","['  rynek:  wtórny ', '  okna:  plastikowe ', '  ogrzewanie:  miejskie ', '  rok budowy:  2010  ', '  czynsz:  250 zł ', '  forma własności:  pełna własność ']"
"(['50.02289600'], ['19.91004290'])","[' telewizja kablowa ', '  internet ', '  telefon ', ' balkon ', '  garaż/miejsce parkingowe ', '  winda ']","[' cena   320 000 zł   6 037,74 zł/m² ', ' powierzchnia   53 m²   ', ' liczba pokoi   2   ', ' piętro   1  (z 4)  ']", Nr oferty w Otodom: 47739766 Nr oferty w biurze nieruchomości: ECH-MS-10202 Liczba wyświetleń strony: 10 Data dodania: 29.03.2017 Data aktualizacji: 29.03.2017 ,"['Kraków, Ruczaj, Zachodnia']","['  rynek:  wtórny ', '  okna:  plastikowe ', '  ogrzewanie:  miejskie ', '  rok budowy:  2017  ', '  czynsz:  1 zł ', '  forma własności:  pełna własność ']"
"(['50.08158050'], ['19.91625220'])","[' telewizja kablowa ', '  internet ', '  telefon ', ' balkon ', '  garaż/miejsce parkingowe ', '  taras ']","[' cena   140 000 zł   8 000 zł/m² ', ' powierzchnia   17,50 m²   ', ' liczba pokoi   1   ', ' piętro   1  (z 1)  ']", Nr oferty w Otodom: 47739764 Nr oferty w biurze nieruchomości: ECH-MS-10201 Liczba wyświetleń strony: 12 Data dodania: 29.03.2017 Data aktualizacji: 29.03.2017 ,"['Kraków, Azory, Niska']","['  rynek:  wtórny ', '  okna:  plastikowe ', '  rok budowy:  2017  ', '  czynsz:  200 zł ', '  forma własności:  pełna własność ']"
"(['50.08224160'], ['19.95242920'])","[' telewizja kablowa ', '  internet ', '  telefon ', ' meble ', ' balkon ', '  garaż/miejsce parkingowe ']","[' cena   375 000 zł   6 818,18 zł/m² ', ' powierzchnia   55 m²   ', ' liczba pokoi   3   ', ' piętro   2  (z 3)  ']", Nr oferty w Otodom: 47739758 Nr oferty w biurze nieruchomości: 14335/2089/OMS Liczba wyświetleń strony: 16 Data dodania: 29.03.2017 Data aktualizacji: 29.03.2017 ,"['Kraków, Olsza,  29 Listopada']","['  rynek:  wtórny ', '  rodzaj zabudowy:  kamienica ', '  materiał budynku:  cegła ', '  okna:  plastikowe ', '  ogrzewanie:  gazowe ', '  rok budowy:  1935  ', '  stan wykończenia:  do zamieszkania ', '  czynsz:  270 zł ']"
"(['50.08949880'], ['20.01484580'])","[' drzwi / okna antywłamaniowe ', '  domofon / wideofon ', ' piekarnik ', '  kuchenka ', ' piwnica ']","[' cena   229 000 zł   6 291,21 zł/m² ', ' powierzchnia   36,40 m²   ', ' liczba pokoi   2   ', ' piętro   4  (z 4)  ']", Nr oferty w Otodom: 47335646 Liczba wyświetleń strony: 767 Data dodania: ponad 14 dni temu Data aktualizacji: 29.03.2017 ,"['Kraków, Bieńczyce,  Kalinowe']","['  rynek:  wtórny ', '  rodzaj zabudowy:  blok ', '  okna:  plastikowe ', '  ogrzewanie:  miejskie ', '  stan wykończenia:  do zamieszkania ', '  czynsz:  269 zł ', '  forma własności:  pełna własność ', '  dostępne od:  27 Lutego 2017 ']"
"(['50.08828630'], ['19.88170270'])","[' telewizja kablowa ', '  internet ', '  telefon ', ' monitoring / ochrona ', ' balkon ', '  garaż/miejsce parkingowe ', '  winda ']","[' cena   600 000 zł   8 756,57 zł/m² ', ' powierzchnia   68,52 m²   ', ' liczba pokoi   3   ', ' piętro   1  (z 2)  ']", Nr oferty w Otodom: 47739674 Nr oferty w biurze nieruchomości: BS4-MS-190128 Liczba wyświetleń strony: 14 Data dodania: 29.03.2017 Data aktualizacji: 29.03.2017 ,"['Kraków, Bronowice Małe, Smętna']","['  rynek:  wtórny ', '  rodzaj zabudowy:  apartamentowiec ', '  materiał budynku:  cegła ', '  okna:  drewniane ', '  ogrzewanie:  miejskie ', '  rok budowy:  2011  ', '  czynsz:  500 zł ', '  forma własności:  pełna własność ']"
"(['50.05407080'], ['19.92039140'])","[' telewizja kablowa ', '  internet ', '  telefon ', ' balkon ', '  piwnica ', '  garaż/miejsce parkingowe ', '  winda ']","[' cena   1 600 000 zł   10 666,67 zł/m² ', ' powierzchnia   150 m²   ', ' liczba pokoi   3   ', ' piętro   3  (z 5)  ']", Nr oferty w Otodom: 47739672 Nr oferty w biurze nieruchomości: BS4-MS-190125 Liczba wyświetleń strony: 18 Data dodania: 29.03.2017 Data aktualizacji: 29.03.2017 ,"['Kraków, Salwator, Aleja Tadeusza Kościuszki']","['  rynek:  wtórny ', '  rodzaj zabudowy:  kamienica ', '  materiał budynku:  cegła ', '  okna:  drewniane ', '  ogrzewanie:  miejskie ', '  rok budowy:  1956  ', '  czynsz:  400 zł ', '  forma własności:  pełna własność ']"
"(['50.08334270'], ['19.95267600'])","[' telewizja kablowa ', '  internet ', '  telefon ', ' piwnica ']","[' cena   420 000 zł   7 636,36 zł/m² ', ' powierzchnia   55 m²   ', ' liczba pokoi   2   ', ' piętro   1  (z 3)  ']", Nr oferty w Otodom: 47739662 Nr oferty w biurze nieruchomości: BS4-MS-190004 Liczba wyświetleń strony: 13 Data dodania: 29.03.2017 Data aktualizacji: 29.03.2017 ,"['Kraków, Rakowice, 29 Listopada']","['  rynek:  wtórny ', '  rodzaj zabudowy:  kamienica ', '  materiał budynku:  cegła ', '  okna:  plastikowe ', '  rok budowy:  1955  ', '  czynsz:  360 zł ', '  forma własności:  pełna własność ']"
"(['50.01846150'], ['19.89640830'])","[' telewizja kablowa ', '  internet ', '  telefon ', ' balkon ', '  piwnica ', '  garaż/miejsce parkingowe ', '  taras ']","[' cena   632 000 zł   8 426,67 zł/m² ', ' powierzchnia   75 m²   ', ' liczba pokoi   3   ', ' piętro   3  (z 4)  ']", Nr oferty w Otodom: 47739656 Nr oferty w biurze nieruchomości: BS4-MS-190003 Liczba wyświetleń strony: 16 Data dodania: 29.03.2017 Data aktualizacji: 29.03.2017 ,"['Kraków, Ruczaj, Szwai']","['  rynek:  wtórny ', '  materiał budynku:  cegła ', '  okna:  drewniane ', '  ogrzewanie:  miejskie ', '  rok budowy:  2008  ', '  czynsz:  263,86 zł ', '  forma własności:  pełna własność ']"
"(['50.02546880'], ['19.97300470'])","[' telewizja kablowa ', '  internet ', ' balkon ', '  piwnica ', '  garaż/miejsce parkingowe ']","[' cena   425 000 zł   7 083,33 zł/m² ', ' powierzchnia   60 m²   ', ' liczba pokoi   3   ', ' piętro   2  (z 4)  ']", Nr oferty w Otodom: 47739664 Nr oferty w biurze nieruchomości: BS4-MS-190126 Liczba wyświetleń strony: 22 Data dodania: 29.03.2017 Data aktualizacji: 29.03.2017 ,"['Kraków, Wola Duchacka, Malborska']","['  rynek:  wtórny ', '  rodzaj zabudowy:  blok ', '  materiał budynku:  pustak ', '  okna:  drewniane ', '  ogrzewanie:  miejskie ', '  rok budowy:  2008  ', '  czynsz:  400 zł ', '  forma własności:  pełna własność ']"
"(['50.01895390'], ['19.92137470'])","[' telewizja kablowa ', '  internet ', '  telefon ', ' piwnica ']","[' cena   299 000 zł   4 882,43 zł/m² ', ' powierzchnia   61,24 m²   ', ' liczba pokoi   3   ', ' liczba pięter   2    ']", Nr oferty w Otodom: 47739650 Nr oferty w biurze nieruchomości: BS4-MS-190002 Liczba wyświetleń strony: 23 Data dodania: 29.03.2017 Data aktualizacji: 29.03.2017 ,"['Kraków, Borek Fałęcki, Kościuszkowców']","['  rynek:  wtórny ', '  materiał budynku:  cegła ', '  okna:  plastikowe ', '  rok budowy:  1968  ', '  stan wykończenia:  do wykończenia ', '  forma własności:  pełna własność ']"
"(['49.99877760'], ['19.89696560'])","[' telewizja kablowa ', '  internet ', '  telefon ', ' balkon ', '  garaż/miejsce parkingowe ']","[' cena   310 000 zł   6 137,40 zł/m² ', ' powierzchnia   50,51 m²   ', ' liczba pokoi   2   ', ' piętro   3  (z 3)  ']", Nr oferty w Otodom: 47739646 Nr oferty w biurze nieruchomości: BS4-MS-190001 Liczba wyświetleń strony: 17 Data dodania: 29.03.2017 Data aktualizacji: 29.03.2017 ,"['Kraków, Kliny, Mieczykowa']","['  rynek:  wtórny ', '  materiał budynku:  cegła ', '  okna:  plastikowe ', '  rok budowy:  2008  ', '  czynsz:  285,22 zł ', '  forma własności:  pełna własność ']"
"(['50.08219210'], ['19.93851160'])","[' telewizja kablowa ', '  internet ', '  telefon ', ' balkon ']","[' cena   490 000 zł   6 405,23 zł/m² ', ' powierzchnia   76,50 m²   ', ' liczba pokoi   4   ', ' piętro   4  (z 4)  ']", Nr oferty w Otodom: 47739640 Nr oferty w biurze nieruchomości: BS4-MS-190000 Liczba wyświetleń strony: 23 Data dodania: 29.03.2017 Data aktualizacji: 29.03.2017 ,"['Kraków, Żabiniec, Konecznego']","['  rynek:  wtórny ', '  rodzaj zabudowy:  blok ', '  materiał budynku:  cegła ', '  okna:  plastikowe ', '  ogrzewanie:  miejskie ', '  rok budowy:  1997  ', '  czynsz:  266,21 zł ', '  forma własności:  pełna własność ']"
"(['50.08441720'], ['19.96323290'])","[' telewizja kablowa ', '  internet ', '  telefon ', ' balkon ', '  piwnica ', '  winda ']","[' cena   219 000 zł   7 567,38 zł/m² ', ' powierzchnia   28,94 m²   ', ' liczba pokoi   1   ', ' piętro   1  (z 8)  ']", Nr oferty w Otodom: 47739638 Nr oferty w biurze nieruchomości: BS4-MS-190068 Liczba wyświetleń strony: 18 Data dodania: 29.03.2017 Data aktualizacji: 29.03.2017 ,"['Kraków, Olsza, Miechowity']","['  rynek:  wtórny ', '  rodzaj zabudowy:  blok ', '  okna:  plastikowe ', '  ogrzewanie:  miejskie ', '  rok budowy:  1975  ', '  czynsz:  290 zł ', '  forma własności:  pełna własność ']"
"(['50.10419480'], ['20.06205460'])","[' telewizja kablowa ', '  internet ', '  telefon ', ' balkon ', '  piwnica ']","[' cena   418 000 zł   4 793,03 zł/m² ', ' powierzchnia   87,21 m²   ', ' liczba pokoi   5   ', ' piętro   3  (z 4)  ']", Nr oferty w Otodom: 47739636 Nr oferty w biurze nieruchomości: BS4-MS-190064 Liczba wyświetleń strony: 18 Data dodania: 29.03.2017 Data aktualizacji: 29.03.2017 ,"['Kraków, Kantorowice, Kantorowicka']","['  rynek:  wtórny ', '  rodzaj zabudowy:  apartamentowiec ', '  materiał budynku:  pustak ', '  okna:  plastikowe ', '  rok budowy:  2008  ', '  czynsz:  520 zł ', '  forma własności:  pełna własność ']"
"(['50.09861110'], ['20.01306600'])","[' telewizja kablowa ', '  internet ', ' balkon ', '  piwnica ', '  winda ']","[' cena   235 000 zł   4 351,85 zł/m² ', ' powierzchnia   54 m²   ', ' liczba pokoi   2   ', ' piętro   8  (z 8)  ']", Nr oferty w Otodom: 47739634 Nr oferty w biurze nieruchomości: BS4-MS-190063 Liczba wyświetleń strony: 20 Data dodania: 29.03.2017 Data aktualizacji: 29.03.2017 ,"['Kraków, Mistrzejowice, Osiedle Piastów']","['  rynek:  wtórny ', '  rodzaj zabudowy:  blok ', '  okna:  plastikowe ', '  ogrzewanie:  miejskie ', '  rok budowy:  1985  ', '  stan wykończenia:  do wykończenia ', '  czynsz:  430 zł ', '  forma własności:  pełna własność ']"
"(['50.07372210'], ['19.95885210'])","[' balkon ', '  ogródek ']","[' cena   325 000 zł   6 063,43 zł/m² ', ' powierzchnia   53,60 m²   ', ' liczba pokoi   2   ', ' piętro   2  (z 2)  ']", Nr oferty w Otodom: 47739632 Nr oferty w biurze nieruchomości: BS4-MS-190060 Liczba wyświetleń strony: 19 Data dodania: 29.03.2017 Data aktualizacji: 29.03.2017 ,"['Kraków, Osiedle Oficerskie, Norwida']","['  rynek:  wtórny ', '  okna:  drewniane ', '  rok budowy:  1960  ', '  stan wykończenia:  do remontu ', '  czynsz:  1 zł ', '  forma własności:  pełna własność ']"
"(['50.09131950'], ['19.98891360'])","[' telewizja kablowa ', '  internet ', '  telefon ', ' monitoring / ochrona ', ' piwnica ']","[' cena   215 000 zł   5 922,87 zł/m² ', ' powierzchnia   36,30 m²   ', ' liczba pokoi   2   ', ' piętro   4  (z 4)  ']", Nr oferty w Otodom: 47739630 Nr oferty w biurze nieruchomości: BS4-MS-190058 Liczba wyświetleń strony: 19 Data dodania: 29.03.2017 Data aktualizacji: 29.03.2017 ,"['Kraków, Prądnik Czerwony, Marchołta']","['  rynek:  wtórny ', '  rodzaj zabudowy:  blok ', '  materiał budynku:  cegła ', '  okna:  plastikowe ', '  rok budowy:  1998  ', '  czynsz:  259 zł ', '  forma własności:  spółdzielcze własnościowe ']"
"(['50.09255100'], ['20.01545780'])","[' telewizja kablowa ', '  internet ', '  telefon ', ' monitoring / ochrona ', ' piwnica ']","[' cena   253 000 zł   5 466,72 zł/m² ', ' powierzchnia   46,28 m²   ', ' liczba pokoi   3   ', ' piętro   4  (z 4)  ']", Nr oferty w Otodom: 47739626 Nr oferty w biurze nieruchomości: BS4-MS-190105 Liczba wyświetleń strony: 12 Data dodania: 29.03.2017 Data aktualizacji: 29.03.2017 ,"['Kraków, Bieńczyce, Osiedle Kalinowe']","['  rynek:  wtórny ', '  rodzaj zabudowy:  blok ', '  materiał budynku:  cegła ', '  okna:  plastikowe ', '  ogrzewanie:  miejskie ', '  rok budowy:  1970  ', '  czynsz:  225 zł ', '  forma własności:  pełna własność ']"
"(['50.01770320'], ['19.89349790'])","[' internet ', '  telefon ', ' balkon ', '  winda ']","[' cena   479 000 zł   6 561,64 zł/m² ', ' powierzchnia   73 m²   ', ' liczba pokoi   3   ', ' piętro   3  (z 5)  ']", Nr oferty w Otodom: 47739624 Nr oferty w biurze nieruchomości: BS4-MS-190099 Liczba wyświetleń strony: 17 Data dodania: 29.03.2017 Data aktualizacji: 29.03.2017 ,"['Kraków, Ruczaj, Bobrzyńskiego']","['  rynek:  wtórny ', '  rodzaj zabudowy:  apartamentowiec ', '  materiał budynku:  cegła ', '  okna:  plastikowe ', '  rok budowy:  2004  ', '  czynsz:  500 zł ', '  forma własności:  pełna własność ']"
"(['50.09547240'], ['20.06479800'])","[' telewizja kablowa ', '  internet ', '  telefon ', ' balkon ', '  piwnica ', '  garaż/miejsce parkingowe ']","[' cena   265 000 zł   4 568,97 zł/m² ', ' powierzchnia   58 m²   ', ' liczba pokoi   3   ', ' piętro   2  (z 2)  ']", Nr oferty w Otodom: 47739616 Nr oferty w biurze nieruchomości: BS4-MS-190077 Liczba wyświetleń strony: 16 Data dodania: 29.03.2017 Data aktualizacji: 29.03.2017 ,"['Kraków, Nowa Huta, Kocmyrzowska']","['  rynek:  wtórny ', '  rodzaj zabudowy:  blok ', '  materiał budynku:  cegła ', '  okna:  plastikowe ', '  rok budowy:  1979  ', '  czynsz:  160 zł ', '  forma własności:  pełna własność ']"
"(['50.07395480'], ['19.92901360'])","[' balkon ', '  winda ', '  taras ']","[' cena   295 000 zł   8 939,39 zł/m² ', ' powierzchnia   33 m²   ', ' liczba pokoi   1   ', ' piętro   1  (z 7)  ']", Nr oferty w Otodom: 47739622 Nr oferty w biurze nieruchomości: BS4-MS-190095 Liczba wyświetleń strony: 15 Data dodania: 29.03.2017 Data aktualizacji: 29.03.2017 ,"['Kraków, Kleparz, Lubelska']","['  rynek:  wtórny ', '  rodzaj zabudowy:  apartamentowiec ', '  okna:  plastikowe ', '  ogrzewanie:  miejskie ', '  rok budowy:  2016  ', '  czynsz:  350 zł ', '  forma własności:  pełna własność ']"
"(['50.00838320'], ['19.95794850'])","[' telewizja kablowa ', '  internet ', '  telefon ', ' balkon ', '  piwnica ']","[' cena   360 000 zł   4 235,29 zł/m² ', ' powierzchnia   85 m²   ', ' liczba pokoi   4   ', ' piętro   1  (z 4)  ']", Nr oferty w Otodom: 47739614 Nr oferty w biurze nieruchomości: BS4-MS-190074 Liczba wyświetleń strony: 12 Data dodania: 29.03.2017 Data aktualizacji: 29.03.2017 ,"['Kraków, Kurdwanów, Stojałowskiego']","['  rynek:  wtórny ', '  rodzaj zabudowy:  blok ', '  okna:  drewniane ', '  ogrzewanie:  miejskie ', '  rok budowy:  1985  ', '  stan wykończenia:  do remontu ', '  czynsz:  650 zł ', '  forma własności:  spółdzielcze własnościowe ']"
"(['50.06638720'], ['19.97030250'])",[' telewizja kablowa '],"[' cena   440 000 zł   7 333,33 zł/m² ', ' powierzchnia   60 m²   ', ' liczba pokoi   3   ', ' piętro   2  (z 4)  ']", Nr oferty w Otodom: 47739606 Nr oferty w biurze nieruchomości: BS4-MS-190042 Liczba wyświetleń strony: 12 Data dodania: 29.03.2017 Data aktualizacji: 29.03.2017 ,"['Kraków, Grzegórzki, Mogilska']","['  rynek:  wtórny ', '  rodzaj zabudowy:  blok ', '  materiał budynku:  cegła ', '  okna:  plastikowe ', '  ogrzewanie:  miejskie ', '  rok budowy:  1950  ', '  czynsz:  580 zł ', '  forma własności:  spółdzielcze własnościowe ']"
"(['50.05053570'], ['19.94448850'])","[' internet ', ' piwnica ']","[' cena   390 000 zł   8 773,90 zł/m² ', ' powierzchnia   44,45 m²   ', ' liczba pokoi   1   ', ' piętro   2  (z 2)  ']", Nr oferty w Otodom: 47739604 Nr oferty w biurze nieruchomości: BS4-MS-190051 Liczba wyświetleń strony: 14 Data dodania: 29.03.2017 Data aktualizacji: 29.03.2017 ,"['Kraków, Kazimierz, Józefa']","['  rynek:  wtórny ', '  rodzaj zabudowy:  kamienica ', '  materiał budynku:  cegła ', '  okna:  plastikowe ', '  rok budowy:  1930  ', '  czynsz:  400 zł ', '  forma własności:  pełna własność ']"
"(['50.09902360'], ['19.96471390'])","[' telewizja kablowa ', '  internet ', '  telefon ', ' balkon ']","[' cena   275 000 zł   7 236,84 zł/m² ', ' powierzchnia   38 m²   ', ' liczba pokoi   2   ', ' piętro   1  (z 2)  ']", Nr oferty w Otodom: 47739602 Nr oferty w biurze nieruchomości: BS4-MS-190048 Liczba wyświetleń strony: 13 Data dodania: 29.03.2017 Data aktualizacji: 29.03.2017 ,"['Kraków, Prądnik Czerwony, Felińskiego']","['  rynek:  wtórny ', '  rodzaj zabudowy:  blok ', '  materiał budynku:  cegła ', '  okna:  plastikowe ', '  rok budowy:  2006  ', '  czynsz:  100 zł ', '  forma własności:  pełna własność ']"
"(['50.06315440'], ['19.92958480'])",[' balkon '],"[' cena   848 000 zł   7 978,92 zł/m² ', ' powierzchnia   106,28 m²   ', ' liczba pokoi   3   ', ' piętro   3  (z 3)  ']", Nr oferty w Otodom: 47739598 Nr oferty w biurze nieruchomości: BS4-MS-190044 Liczba wyświetleń strony: 9 Data dodania: 29.03.2017 Data aktualizacji: 29.03.2017 ,"['Kraków, Stare Miasto, Krupnicza']","['  rynek:  wtórny ', '  rodzaj zabudowy:  kamienica ', '  materiał budynku:  cegła ', '  okna:  drewniane ', '  rok budowy:  1915  ', '  stan wykończenia:  do remontu ', '  czynsz:  100 zł ', '  forma własności:  udział ']"
"(['50.02927240'], ['19.90576720'])","[' telewizja kablowa ', '  internet ', '  telefon ', ' monitoring / ochrona ', ' balkon ']","[' cena   518 000 zł   9 418,18 zł/m² ', ' powierzchnia   55 m²   ', ' liczba pokoi   3   ', ' piętro   1  (z 1)  ']", Nr oferty w Otodom: 47739590 Nr oferty w biurze nieruchomości: BS4-MS-190038 Liczba wyświetleń strony: 11 Data dodania: 29.03.2017 Data aktualizacji: 29.03.2017 ,"['Kraków, Zakrzówek, Sodowa']","['  rynek:  wtórny ', '  rodzaj zabudowy:  apartamentowiec ', '  materiał budynku:  cegła ', '  okna:  drewniane ', '  rok budowy:  2009  ', '  czynsz:  220 zł ']"
"(['50.07213210'], ['19.91949450'])","[' telewizja kablowa ', '  internet ', '  telefon ', ' balkon ', '  piwnica ', '  garaż/miejsce parkingowe ']","[' cena   590 000 zł   7 108,43 zł/m² ', ' powierzchnia   83 m²   ', ' liczba pokoi   3   ', ' piętro   2  (z 3)  ']", Nr oferty w Otodom: 47739572 Nr oferty w biurze nieruchomości: BS4-MS-190070 Liczba wyświetleń strony: 13 Data dodania: 29.03.2017 Data aktualizacji: 29.03.2017 ,"['Kraków, Łobzów, Królewska']","['  rynek:  wtórny ', '  rodzaj zabudowy:  kamienica ', '  materiał budynku:  cegła ', '  okna:  plastikowe ', '  ogrzewanie:  miejskie ', '  rok budowy:  1943  ', '  czynsz:  600 zł ', '  forma własności:  pełna własność ']"
"(['50.09983290'], ['19.95912100'])","[' telewizja kablowa ', '  internet ', '  telefon ', ' balkon ']","[' cena   285 000 zł   5 089,29 zł/m² ', ' powierzchnia   56 m²   ', ' liczba pokoi   3   ', ' piętro   3  (z 3)  ']", Nr oferty w Otodom: 47739584 Nr oferty w biurze nieruchomości: BS4-MS-189883 Liczba wyświetleń strony: 20 Data dodania: 29.03.2017 Data aktualizacji: 29.03.2017 ,"['Kraków, Prądnik Biały, Słomczyńskiego']","['  rynek:  wtórny ', '  rodzaj zabudowy:  blok ', '  okna:  plastikowe ', '  rok budowy:  2005  ', '  czynsz:  400 zł ', '  forma własności:  pełna własność ']"
"(['50.07144200'], ['19.91360300'])","[' telewizja kablowa ', '  internet ', '  telefon ', ' balkon ', '  piwnica ', '  winda ']","[' cena   439 000 zł   8 442,31 zł/m² ', ' powierzchnia   52 m²   ', ' liczba pokoi   4   ', ' piętro   3  (z 5)  ']", Nr oferty w Otodom: 47739576 Nr oferty w biurze nieruchomości: BS4-MS-190075 Liczba wyświetleń strony: 11 Data dodania: 29.03.2017 Data aktualizacji: 29.03.2017 ,"['Kraków, Łobzów, Lea']","['  rynek:  wtórny ', '  rodzaj zabudowy:  blok ', '  materiał budynku:  cegła ', '  okna:  plastikowe ', '  ogrzewanie:  miejskie ', '  rok budowy:  1970  ', '  czynsz:  400 zł ']"
"(['50.04075000'], ['19.92445670'])","[' telewizja kablowa ', '  internet ', '  telefon ', ' balkon ', '  garaż/miejsce parkingowe ']","[' cena   780 000 zł   7 800 zł/m² ', ' powierzchnia   100 m²   ', ' liczba pokoi   5   ', ' piętro   3  (z 3)  ']", Nr oferty w Otodom: 47739570 Nr oferty w biurze nieruchomości: BS4-MS-190069 Liczba wyświetleń strony: 11 Data dodania: 29.03.2017 Data aktualizacji: 29.03.2017 ,"['Kraków, Ludwinów, Rozdroże']","['  rynek:  wtórny ', '  rodzaj zabudowy:  blok ', '  materiał budynku:  cegła ', '  okna:  plastikowe ', '  ogrzewanie:  miejskie ', '  rok budowy:  2001  ', '  czynsz:  390 zł ', '  forma własności:  pełna własność ']"
"(['50.07196370'], ['19.91925020'])","[' telewizja kablowa ', '  internet ', '  telefon ', ' piwnica ']","[' cena   558 000 zł   6 928,23 zł/m² ', ' powierzchnia   80,54 m²   ', ' liczba pokoi   4   ', ' piętro   1  (z 2)  ']", Nr oferty w Otodom: 47739568 Nr oferty w biurze nieruchomości: BS4-MS-190067 Liczba wyświetleń strony: 13 Data dodania: 29.03.2017 Data aktualizacji: 29.03.2017 ,"['Kraków, Łobzów, Królewska']","['  rynek:  wtórny ', '  rodzaj zabudowy:  blok ', '  materiał budynku:  cegła ', '  okna:  drewniane ', '  ogrzewanie:  miejskie ', '  rok budowy:  1943  ', '  stan wykończenia:  do zamieszkania ', '  czynsz:  389,66 zł ', '  forma własności:  pełna własność ']"
"(['50.06759970'], ['19.93781480'])","[' internet ', '  telefon ', ' balkon ', '  piwnica ']","[' cena   710 000 zł   7 473,68 zł/m² ', ' powierzchnia   95 m²   ', ' liczba pokoi   4   ', ' piętro   2  (z 3)  ']", Nr oferty w Otodom: 47739560 Nr oferty w biurze nieruchomości: BS4-MS-190121 Liczba wyświetleń strony: 10 Data dodania: 29.03.2017 Data aktualizacji: 29.03.2017 ,"['Kraków, Stare Miasto, Długa']","['  rynek:  wtórny ', '  rodzaj zabudowy:  kamienica ', '  materiał budynku:  cegła ', '  okna:  plastikowe ', '  rok budowy:  1915  ', '  czynsz:  250 zł ']"
"(['50.01043070'], ['19.94877650'])","[' telewizja kablowa ', '  internet ', '  telefon ', ' balkon ']","[' cena   330 000 zł   6 177,46 zł/m² ', ' powierzchnia   53,42 m²   ', ' liczba pokoi   2   ', ' piętro   2  (z 4)  ']", Nr oferty w Otodom: 47739552 Nr oferty w biurze nieruchomości: BS4-MS-190109 Liczba wyświetleń strony: 18 Data dodania: 29.03.2017 Data aktualizacji: 29.03.2017 ,"['Kraków, Kurdwanów, Filipowicza']","['  rynek:  wtórny ', '  materiał budynku:  cegła ', '  okna:  plastikowe ', '  rok budowy:  2000  ', '  czynsz:  350 zł ', '  forma własności:  pełna własność ']"
"(['50.06863290'], ['19.86347990'])","[' telewizja kablowa ', '  internet ', '  telefon ']","[' cena   250 000 zł   4 950,50 zł/m² ', ' powierzchnia   50,50 m²   ', ' liczba pokoi   2   ', ' piętro   parter  (z 3)  ']", Nr oferty w Otodom: 47739556 Nr oferty w biurze nieruchomości: BS4-MS-190119 Liczba wyświetleń strony: 20 Data dodania: 29.03.2017 Data aktualizacji: 29.03.2017 ,"['Kraków, Wola Justowska, POD STOKIEM']","['  rynek:  wtórny ', '  rodzaj zabudowy:  blok ', '  materiał budynku:  pustak ', '  okna:  plastikowe ', '  rok budowy:  2005  ', '  czynsz:  300 zł ', '  forma własności:  pełna własność ']"
"(['50.01430300'], ['19.89025260'])","[' telewizja kablowa ', '  internet ', '  telefon ', ' balkon ']","[' cena   330 000 zł   7 500 zł/m² ', ' powierzchnia   44 m²   ', ' liczba pokoi   2   ', ' piętro   1  (z 2)  ']", Nr oferty w Otodom: 47739548 Nr oferty w biurze nieruchomości: BS4-MS-190106 Liczba wyświetleń strony: 20 Data dodania: 29.03.2017 Data aktualizacji: 29.03.2017 ,"['Kraków, Ruczaj, Tymotkowa']","['  rynek:  wtórny ', '  materiał budynku:  cegła ', '  okna:  plastikowe ', '  rok budowy:  2012  ', '  czynsz:  110 zł ']"
"(['50.06950740'], ['19.92368890'])","[' telewizja kablowa ', '  internet ', '  telefon ']","[' cena   455 000 zł   6 893,94 zł/m² ', ' powierzchnia   66 m²   ', ' liczba pokoi   2   ', ' piętro   4  (z 4)  ']", Nr oferty w Otodom: 47739546 Nr oferty w biurze nieruchomości: BS4-MS-190103 Liczba wyświetleń strony: 20 Data dodania: 29.03.2017 Data aktualizacji: 29.03.2017 ,"['Kraków, Krowodrza, Konarskiego']","['  rynek:  wtórny ', '  rodzaj zabudowy:  kamienica ', '  materiał budynku:  cegła ', '  okna:  drewniane ', '  rok budowy:  1932  ', '  czynsz:  200 zł ']"
"(['50.04840280'], ['19.96110040'])","[' balkon ', '  garaż/miejsce parkingowe ', '  winda ']","[' cena   530 000 zł   9 059,83 zł/m² ', ' powierzchnia   58,50 m²   ', ' liczba pokoi   2   ', ' piętro   1  (z 4)  ']", Nr oferty w Otodom: 47739544 Nr oferty w biurze nieruchomości: BS4-MS-190101 Liczba wyświetleń strony: 18 Data dodania: 29.03.2017 Data aktualizacji: 29.03.2017 ,"['Kraków, Zabłocie, Przemysłowa']","['  rynek:  wtórny ', '  rodzaj zabudowy:  apartamentowiec ', '  materiał budynku:  cegła ', '  okna:  drewniane ', '  ogrzewanie:  miejskie ', '  rok budowy:  2010  ', '  czynsz:  460 zł ']"
"(['50.06268080'], ['19.93808750'])","[' internet ', '  telefon ', ' piwnica ', '  winda ']","[' cena   1 600 000 zł   15 505,38 zł/m² ', ' powierzchnia   103,19 m²   ', ' liczba pokoi   2   ', ' piętro   4  (z 6)  ']", Nr oferty w Otodom: 47739540 Nr oferty w biurze nieruchomości: BS4-MS-190092 Liczba wyświetleń strony: 23 Data dodania: 29.03.2017 Data aktualizacji: 29.03.2017 ,"['Kraków, Rynek, Jana']","['  rynek:  wtórny ', '  rodzaj zabudowy:  kamienica ', '  materiał budynku:  cegła ', '  okna:  drewniane ', '  rok budowy:  1932  ', '  stan wykończenia:  do zamieszkania ', '  czynsz:  1 000 zł ', '  forma własności:  pełna własność ']"
"(['50.01911260'], ['19.98663970'])","[' telewizja kablowa ', '  internet ', '  telefon ', ' balkon ', '  winda ']","[' cena   225 000 zł   8 545,39 zł/m² ', ' powierzchnia   26,33 m²   ', ' liczba pokoi   1   ', ' piętro   &gt; 10  (z 11)  ']", Nr oferty w Otodom: 47739538 Nr oferty w biurze nieruchomości: BS4-MS-189992 Liczba wyświetleń strony: 23 Data dodania: 29.03.2017 Data aktualizacji: 29.03.2017 ,"['Kraków, Prokocim, Polonijna']","['  rynek:  wtórny ', '  okna:  plastikowe ', '  ogrzewanie:  miejskie ', '  rok budowy:  2015  ', '  stan wykończenia:  do zamieszkania ', '  czynsz:  250 zł ', '  forma własności:  pełna własność ']"
"(['50.07227490'], ['19.91726760'])","[' telewizja kablowa ', '  internet ', '  telefon ', ' balkon ', '  piwnica ']","[' cena   615 000 zł   8 913,04 zł/m² ', ' powierzchnia   69 m²   ', ' liczba pokoi   3   ', ' piętro   2  (z 4)  ']", Nr oferty w Otodom: 47739532 Nr oferty w biurze nieruchomości: BS4-MS-190115 Liczba wyświetleń strony: 14 Data dodania: 29.03.2017 Data aktualizacji: 29.03.2017 ,"['Kraków, Łobzów, Królewska']","['  rynek:  wtórny ', '  rodzaj zabudowy:  blok ', '  materiał budynku:  cegła ', '  okna:  plastikowe ', '  ogrzewanie:  miejskie ', '  rok budowy:  1968  ', '  stan wykończenia:  do zamieszkania ', '  czynsz:  510 zł ', '  forma własności:  pełna własność ']"
"(['50.08211840'], ['19.95150180'])","[' telewizja kablowa ', '  internet ', '  telefon ', ' monitoring / ochrona ', ' balkon ']","[' cena   449 000 zł   7 193,21 zł/m² ', ' powierzchnia   62,42 m²   ', ' liczba pokoi   3   ', ' piętro   parter  (z 2)  ']", Nr oferty w Otodom: 47739526 Nr oferty w biurze nieruchomości: BS4-MS-190118 Liczba wyświetleń strony: 14 Data dodania: 29.03.2017 Data aktualizacji: 29.03.2017 ,"['Kraków, Żabiniec, Żabiniec']","['  rynek:  wtórny ', '  rodzaj zabudowy:  blok ', '  materiał budynku:  cegła ', '  okna:  plastikowe ', '  rok budowy:  2001  ', '  stan wykończenia:  do zamieszkania ', '  czynsz:  400 zł ', '  forma własności:  pełna własność ']"
"(['50.04355470'], ['19.94396090'])","[' telewizja kablowa ', '  internet ', '  telefon ', ' balkon ']","[' cena   499 999 zł   6 662,21 zł/m² ', ' powierzchnia   75,05 m²   ', ' liczba pokoi   3   ', ' piętro   1  (z 4)  ']", Nr oferty w Otodom: 47739518 Nr oferty w biurze nieruchomości: BS4-MS-190112 Liczba wyświetleń strony: 18 Data dodania: 29.03.2017 Data aktualizacji: 29.03.2017 ,"['Kraków, Stare Podgórze, Kalwaryjska']","['  rynek:  wtórny ', '  rodzaj zabudowy:  kamienica ', '  materiał budynku:  cegła ', '  okna:  drewniane ', '  rok budowy:  1910  ', '  stan wykończenia:  do zamieszkania ', '  czynsz:  350 zł ', '  forma własności:  pełna własność ']"
"(['50.06844830'], ['19.91362240'])","[' telewizja kablowa ', '  internet ', '  telefon ', ' balkon ']","[' cena   700 000 zł   6 862,75 zł/m² ', ' powierzchnia   102 m²   ', ' liczba pokoi   4   ', ' piętro   parter  (z 1)  ']", Nr oferty w Otodom: 47739512 Nr oferty w biurze nieruchomości: BS4-MS-190114 Liczba wyświetleń strony: 15 Data dodania: 29.03.2017 Data aktualizacji: 29.03.2017 ,"['Kraków, Krowodrza, Kawiory']","['  rynek:  wtórny ', '  rodzaj zabudowy:  kamienica ', '  materiał budynku:  cegła ', '  okna:  plastikowe ', '  rok budowy:  1930  ', '  stan wykończenia:  do remontu ']"
"(['49.99909880'], ['19.89604500'])","[' telewizja kablowa ', '  internet ', '  telefon ', ' balkon ']","[' cena   293 000 zł   7 026,38 zł/m² ', ' powierzchnia   41,70 m²   ', ' liczba pokoi   2   ', ' piętro   1  (z 2)  ']", Nr oferty w Otodom: 47739508 Nr oferty w biurze nieruchomości: BS4-MS-190020 Liczba wyświetleń strony: 17 Data dodania: 29.03.2017 Data aktualizacji: 29.03.2017 ,"['Kraków, Swoszowice, Ketlinga']","['  rynek:  wtórny ', '  rodzaj zabudowy:  blok ', '  okna:  plastikowe ', '  rok budowy:  2000  ', '  stan wykończenia:  do zamieszkania ', '  czynsz:  230 zł ', '  forma własności:  pełna własność ']"
"(['50.07114270'], ['20.03849120'])","[' telewizja kablowa ', '  internet ', ' balkon ', '  piwnica ']","[' cena   368 000 zł   5 935,48 zł/m² ', ' powierzchnia   62 m²   ', ' liczba pokoi   3   ', ' piętro   1  (z 4)  ']", Nr oferty w Otodom: 47739506 Nr oferty w biurze nieruchomości: BS4-MS-190029 Liczba wyświetleń strony: 18 Data dodania: 29.03.2017 Data aktualizacji: 29.03.2017 ,"['Kraków, Nowa Huta, Centrum E']","['  rynek:  wtórny ', '  rodzaj zabudowy:  blok ', '  okna:  plastikowe ', '  ogrzewanie:  miejskie ', '  rok budowy:  1995  ', '  stan wykończenia:  do zamieszkania ', '  czynsz:  490 zł ', '  forma własności:  spółdzielcze własnościowe ']"
"(['50.00158870'], ['19.90089870'])","[' telewizja kablowa ', '  internet ', ' balkon ', '  piwnica ']","[' cena   299 000 zł   6 728,17 zł/m² ', ' powierzchnia   44,44 m²   ', ' liczba pokoi   2   ', ' piętro   3  (z 3)  ']", Nr oferty w Otodom: 47739500 Nr oferty w biurze nieruchomości: BS4-MS-190021 Liczba wyświetleń strony: 16 Data dodania: 29.03.2017 Data aktualizacji: 29.03.2017 ,"['Kraków, Kliny, Borkowska']","['  rynek:  wtórny ', '  okna:  plastikowe ', '  ogrzewanie:  miejskie ', '  rok budowy:  2009  ', '  stan wykończenia:  do zamieszkania ', '  czynsz:  450 zł ', '  forma własności:  pełna własność ']"
"(['50.09933240'], ['20.01374480'])","[' telewizja kablowa ', ' monitoring / ochrona ', ' balkon ', '  piwnica ', '  winda ']","[' cena   328 000 zł   5 046,15 zł/m² ', ' powierzchnia   65 m²   ', ' liczba pokoi   3   ', ' piętro   6  (z 8)  ']", Nr oferty w Otodom: 47739504 Nr oferty w biurze nieruchomości: BS4-MS-190024 Liczba wyświetleń strony: 18 Data dodania: 29.03.2017 Data aktualizacji: 29.03.2017 ,"['Kraków, Mistrzejowice, Osiedle Piastów']","['  rynek:  wtórny ', '  okna:  drewniane ', '  ogrzewanie:  miejskie ', '  rok budowy:  1990  ', '  stan wykończenia:  do remontu ', '  czynsz:  430 zł ', '  forma własności:  spółdzielcze własnościowe ']"
"(['50.08691920'], ['19.94693490'])","[' telewizja kablowa ', '  internet ', ' balkon ', '  piwnica ']","[' cena   397 000 zł   6 382,64 zł/m² ', ' powierzchnia   62,20 m²   ', ' liczba pokoi   3   ', ' piętro   4  (z 5)  ']", Nr oferty w Otodom: 47739496 Nr oferty w biurze nieruchomości: BS4-MS-190018 Liczba wyświetleń strony: 23 Data dodania: 29.03.2017 Data aktualizacji: 29.03.2017 ,"['Kraków, Żabiniec, Solskiego']","['  rynek:  wtórny ', '  rodzaj zabudowy:  blok ', '  okna:  drewniane ', '  ogrzewanie:  miejskie ', '  rok budowy:  1995  ', '  czynsz:  660 zł ', '  forma własności:  spółdzielcze własnościowe ']"
"(['49.99284330'], ['20.04317170'])","[' telewizja kablowa ', '  internet ', '  telefon ', ' balkon ', '  garaż/miejsce parkingowe ']","[' cena   327 360 zł   4 400 zł/m² ', ' powierzchnia   74,40 m²   ', ' liczba pokoi   4   ', ' piętro   1  (z 2)  ']", Nr oferty w Otodom: 47739438 Nr oferty w biurze nieruchomości: BS2-MS-190047 Liczba wyświetleń strony: 19 Data dodania: 29.03.2017 Data aktualizacji: 29.03.2017 ,"['Wieliczka, małopolskie, Wieliczka, okolice ul. Topolowa']","['  rynek:  pierwotny ', '  okna:  plastikowe ', '  rok budowy:  2017  ', '  forma własności:  pełna własność ']"
"(['50.07255190'], ['19.92124410'])",[],"[' cena   430 000 zł   10 000 zł/m² ', ' powierzchnia   43 m²   ', ' liczba pokoi   2   ', ' piętro   2  (z 4)  ']", Nr oferty w Otodom: 47739426 Nr oferty w biurze nieruchomości: BS1-MS-189046 Liczba wyświetleń strony: 15 Data dodania: 29.03.2017 Data aktualizacji: 29.03.2017 ,"['Kraków, Krowodrza, Kujawska']","['  rynek:  wtórny ', '  rodzaj zabudowy:  kamienica ', '  materiał budynku:  cegła ', '  okna:  plastikowe ', '  rok budowy:  1929  ', '  stan wykończenia:  do wykończenia ', '  czynsz:  400 zł ', '  forma własności:  pełna własność ']"
"(['50.08500420'], ['19.84447630'])","[' monitoring / ochrona ', ' balkon ', '  garaż/miejsce parkingowe ']","[' cena   430 000 zł   6 935,48 zł/m² ', ' powierzchnia   62 m²   ', ' liczba pokoi   3   ', ' piętro   1  (z 3)  ']", Nr oferty w Otodom: 47739418 Nr oferty w biurze nieruchomości: BS1-MS-189474 Liczba wyświetleń strony: 18 Data dodania: 29.03.2017 Data aktualizacji: 29.03.2017 ,"['Kraków, Mydlniki, Weryhy-Darowskiego']","['  rynek:  wtórny ', '  rodzaj zabudowy:  blok ', '  okna:  plastikowe ', '  rok budowy:  2010  ', '  czynsz:  230 zł ']"
"(['50.07609730'], ['19.92840430'])","[' telewizja kablowa ', '  internet ', '  telefon ', ' balkon ', '  garaż/miejsce parkingowe ', '  winda ']","[' cena   433 789 zł   7 302,85 zł/m² ', ' powierzchnia   59,40 m²   ', ' liczba pokoi   2   ', ' piętro   parter  (z 5)  ']", Nr oferty w Otodom: 47739144 Nr oferty w biurze nieruchomości: ATM-MS-449 Liczba wyświetleń strony: 12 Data dodania: 29.03.2017 Data aktualizacji: 29.03.2017 ,"['Kraków, Krowodrza']","['  rynek:  pierwotny ', '  rodzaj zabudowy:  blok ', '  materiał budynku:  cegła ', '  okna:  drewniane ', '  ogrzewanie:  miejskie ', '  rok budowy:  2016  ', '  forma własności:  pełna własność ']"
"(['50.06667470'], ['19.96829480'])","[' telewizja kablowa ', '  telefon ', ' balkon ', '  winda ']","[' cena   369 694,50 zł   6 850 zł/m² ', ' powierzchnia   53,97 m²   ', ' liczba pokoi   2   ', ' piętro   10  (z 15)  ']", Nr oferty w Otodom: 47739000 Nr oferty w biurze nieruchomości: MST-MS-4676 Liczba wyświetleń strony: 20 Data dodania: 29.03.2017 Data aktualizacji: 29.03.2017 ,"['Kraków, Grzegórzki']","['  rynek:  pierwotny ', '  rodzaj zabudowy:  blok ', '  okna:  plastikowe ', '  ogrzewanie:  miejskie ', '  rok budowy:  2018  ', '  czynsz:  1 zł ', '  forma własności:  pełna własność ']"
"(['50.06667470'], ['19.96829480'])","[' telewizja kablowa ', '  telefon ', ' balkon ', '  winda ']","[' cena   345 618 zł   6 300 zł/m² ', ' powierzchnia   54,86 m²   ', ' liczba pokoi   2   ', ' piętro   10  (z 15)  ']", Nr oferty w Otodom: 47739002 Nr oferty w biurze nieruchomości: MST-MS-4679 Liczba wyświetleń strony: 18 Data dodania: 29.03.2017 Data aktualizacji: 29.03.2017 ,"['Kraków, Grzegórzki']","['  rynek:  pierwotny ', '  rodzaj zabudowy:  blok ', '  okna:  plastikowe ', '  ogrzewanie:  miejskie ', '  rok budowy:  2018  ', '  czynsz:  1 zł ', '  forma własności:  pełna własność ']"
"(['50.06667470'], ['19.96829480'])","[' telewizja kablowa ', '  telefon ', ' balkon ', '  winda ']","[' cena   367 434 zł   6 850 zł/m² ', ' powierzchnia   53,64 m²   ', ' liczba pokoi   2   ', ' piętro   10  (z 15)  ']", Nr oferty w Otodom: 47738998 Nr oferty w biurze nieruchomości: MST-MS-4675 Liczba wyświetleń strony: 11 Data dodania: 29.03.2017 Data aktualizacji: 29.03.2017 ,"['Kraków, Grzegórzki']","['  rynek:  pierwotny ', '  rodzaj zabudowy:  blok ', '  okna:  plastikowe ', '  ogrzewanie:  miejskie ', '  rok budowy:  2018  ', '  czynsz:  1 zł ', '  forma własności:  pełna własność ']"
"(['50.06653300'], ['19.96903680'])","[' telewizja kablowa ', '  telefon ', ' balkon ', '  winda ', '  taras ']","[' cena   368 900 zł   6 800 zł/m² ', ' powierzchnia   54,25 m²   ', ' liczba pokoi   2   ', ' piętro   9  (z 15)  ']", Nr oferty w Otodom: 47738992 Nr oferty w biurze nieruchomości: MST-MS-4672 Liczba wyświetleń strony: 9 Data dodania: 29.03.2017 Data aktualizacji: 29.03.2017 ,"['Kraków, Grzegórzki']","['  rynek:  pierwotny ', '  rodzaj zabudowy:  blok ', '  okna:  plastikowe ', '  ogrzewanie:  miejskie ', '  rok budowy:  2018  ', '  czynsz:  1 zł ', '  forma własności:  pełna własność ']"
"(['50.06667470'], ['19.96829480'])","[' telewizja kablowa ', '  telefon ', ' balkon ', '  winda ', '  taras ']","[' cena   370 872 zł   6 800 zł/m² ', ' powierzchnia   54,54 m²   ', ' liczba pokoi   2   ', ' piętro   9  (z 15)  ']", Nr oferty w Otodom: 47738996 Nr oferty w biurze nieruchomości: MST-MS-4674 Liczba wyświetleń strony: 10 Data dodania: 29.03.2017 Data aktualizacji: 29.03.2017 ,"['Kraków, Grzegórzki']","['  rynek:  pierwotny ', '  rodzaj zabudowy:  blok ', '  okna:  plastikowe ', '  ogrzewanie:  miejskie ', '  rok budowy:  2018  ', '  czynsz:  1 zł ', '  forma własności:  pełna własność ']"
"(['50.06653300'], ['19.96903680'])","[' telewizja kablowa ', '  internet ', '  telefon ', ' balkon ', '  winda ', '  taras ']","[' cena   365 107,50 zł   6 750 zł/m² ', ' powierzchnia   54,09 m²   ', ' liczba pokoi   3   ', ' piętro   10  (z 15)  ']", Nr oferty w Otodom: 47738994 Nr oferty w biurze nieruchomości: MST-MS-4673 Liczba wyświetleń strony: 13 Data dodania: 29.03.2017 Data aktualizacji: 29.03.2017 ,"['Kraków, Grzegórzki']","['  rynek:  pierwotny ', '  rodzaj zabudowy:  blok ', '  okna:  plastikowe ', '  ogrzewanie:  miejskie ', '  rok budowy:  2018  ', '  czynsz:  1 zł ', '  forma własności:  pełna własność ']"
"(['50.06653300'], ['19.96903680'])","[' telewizja kablowa ', '  telefon ', ' balkon ', '  winda ', '  taras ']","[' cena   370 872 zł   6 800 zł/m² ', ' powierzchnia   54,54 m²   ', ' liczba pokoi   2   ', ' piętro   8  (z 15)  ']", Nr oferty w Otodom: 47738990 Nr oferty w biurze nieruchomości: MST-MS-4668 Liczba wyświetleń strony: 10 Data dodania: 29.03.2017 Data aktualizacji: 29.03.2017 ,"['Kraków, Grzegórzki']","['  rynek:  pierwotny ', '  rodzaj zabudowy:  blok ', '  okna:  plastikowe ', '  ogrzewanie:  miejskie ', '  rok budowy:  2018  ', '  czynsz:  1 zł ', '  forma własności:  pełna własność ']"
"(['50.05641060'], ['19.95347040'])","[' balkon ', '  winda ']","[' cena   499 000 zł   7 458,89 zł/m² ', ' powierzchnia   66,90 m²   ', ' liczba pokoi   3   ', ' piętro   4  (z 5)  ']", Nr oferty w Otodom: 47738910 Nr oferty w biurze nieruchomości: MS-20617 Liczba wyświetleń strony: 27 Data dodania: 29.03.2017 Data aktualizacji: 29.03.2017 ,"['Kraków, Grzegórzki,  Daszyńskiego']","['  rynek:  wtórny ', '  rodzaj zabudowy:  blok ', '  rok budowy:  1999  ', '  czynsz:  172 zł ']"
"(['50.08823480'], ['19.97307390'])","[' telewizja kablowa ', '  internet ', '  telefon ', ' monitoring / ochrona ', ' piwnica ']","[' cena   250 000 zł   6 578,95 zł/m² ', ' powierzchnia   38 m²   ', ' liczba pokoi   2   ', ' piętro   3  (z 4)  ']", Nr oferty w Otodom: 47738904 Nr oferty w biurze nieruchomości: DNX-MS-20445 Liczba wyświetleń strony: 28 Data dodania: 29.03.2017 Data aktualizacji: 29.03.2017 ,"['Kraków, Prądnik Czerwony, Dobrego Pasterza']","['  rynek:  wtórny ', '  rodzaj zabudowy:  blok ', '  okna:  plastikowe ', '  ogrzewanie:  miejskie ', '  rok budowy:  1999  ', '  czynsz:  250 zł ', '  forma własności:  pełna własność ']"
"(['50.09084650'], ['19.92627550'])","[' telewizja kablowa ', '  internet ', '  telefon ', ' balkon ', '  piwnica ']","[' cena   295 000 zł   6 020,41 zł/m² ', ' powierzchnia   49 m²   ', ' liczba pokoi   3   ', ' piętro   3  (z 4)  ']", Nr oferty w Otodom: 47738902 Nr oferty w biurze nieruchomości: DNX-MS-20444 Liczba wyświetleń strony: 20 Data dodania: 29.03.2017 Data aktualizacji: 29.03.2017 ,"['Kraków, Prądnik Biały, Nad Sudołem']","['  rynek:  wtórny ', '  rodzaj zabudowy:  blok ', '  okna:  plastikowe ', '  ogrzewanie:  miejskie ', '  rok budowy:  1976  ', '  stan wykończenia:  do zamieszkania ', '  czynsz:  400 zł ']"
"(['50.00759760'], ['20.01156900'])","[' telewizja kablowa ', '  internet ', '  telefon ', ' monitoring / ochrona ', ' balkon ', '  piwnica ', '  winda ']","[' cena   369 000 zł   4 241,38 zł/m² ', ' powierzchnia   87 m²   ', ' liczba pokoi   4   ', ' piętro   parter  (z 10)  ']", Nr oferty w Otodom: 47738898 Nr oferty w biurze nieruchomości: DNX-MS-20443 Liczba wyświetleń strony: 15 Data dodania: 29.03.2017 Data aktualizacji: 29.03.2017 ,"['Kraków, Bieżanów-Prokocim, Rydygiera']","['  rynek:  wtórny ', '  rodzaj zabudowy:  blok ', '  okna:  drewniane ', '  ogrzewanie:  miejskie ', '  rok budowy:  1992  ', '  stan wykończenia:  do zamieszkania ', '  czynsz:  600 zł ', '  forma własności:  pełna własność ']"
